employee_id,employee_name,branch,punch_in_date,punch_in_time,punch_out_date,punch_out_time,punch_in_timestamp,punch_out_timestamp,work_duration,work_duration_seconds,work_duration_hours,overnight_shift,source_file
1,Person_0001,Main Street Coffee,01-Dec-25,07:39:35,01-Dec-25,19:37:56,2025-12-01 07:39:35,2025-12-01 19:37:56,11:58:21,43101,11.9725,0,REP_S_00461.csv
1,Person_0001,Main Street Coffee,02-Dec-25,15:14:59,02-Dec-25,23:51:33,2025-12-02 15:14:59,2025-12-02 23:51:33,08:36:34,30994,8.6094,0,REP_S_00461.csv
1,Person_0001,Main Street Coffee,03-Dec-25,15:12:21,04-Dec-25,00:17:12,2025-12-03 15:12:21,2025-12-04 00:17:12,09:04:51,32691,9.0808,1,REP_S_00461.csv
1,Person_0001,Main Street Coffee,06-Dec-25,16:03:47,07-Dec-25,00:27:15,2025-12-06 16:03:47,2025-12-07 00:27:15,08:23:28,30208,8.3911,1,REP_S_00461.csv
1,Person_0001,Main Street Coffee,07-Dec-25,13:15:46,07-Dec-25,23:43:34,2025-12-07 13:15:46,2025-12-07 23:43:34,10:27:48,37668,10.4633,0,REP_S_00461.csv
1,Person_0001,Main Street Coffee,08-Dec-25,10:18:40,08-Dec-25,15:59:28,2025-12-08 10:18:40,2025-12-08 15:59:28,05:40:48,20448,5.68,0,REP_S_00461.csv
1,Person_0001,Main Street Coffee,09-Dec-25,14:26:54,10-Dec-25,00:16:20,2025-12-09 14:26:54,2025-12-10 00:16:20,09:49:26,35366,9.8239,1,REP_S_00461.csv
1,Person_0001,Main Street Coffee,10-Dec-25,15:24:36,11-Dec-25,00:28:39,2025-12-10 15:24:36,2025-12-11 00:28:39,09:04:03,32643,9.0675,1,REP_S_00461.csv
1,Person_0001,Main Street Coffee,17-Dec-25,15:02:51,18-Dec-25,00:24:15,2025-12-17 15:02:51,2025-12-18 00:24:15,09:21:24,33684,9.3567,1,REP_S_00461.csv
1,Person_0001,Main Street Coffee,18-Dec-25,15:17:14,19-Dec-25,03:14:06,2025-12-18 15:17:14,2025-12-19 03:14:06,11:56:52,43012,11.9478,1,REP_S_00461.csv
1,Person_0001,Main Street Coffee,20-Dec-25,00:47:55,20-Dec-25,00:48:03,2025-12-20 00:47:55,2025-12-20 00:48:03,00:00:08,8,0.0022,0,REP_S_00461.csv
1,Person_0001,Main Street Coffee,20-Dec-25,16:02:14,21-Dec-25,01:30:30,2025-12-20 16:02:14,2025-12-21 01:30:30,09:28:16,34096,9.4711,1,REP_S_00461.csv
1,Person_0001,Main Street Coffee,21-Dec-25,16:25:38,22-Dec-25,00:15:09,2025-12-21 16:25:38,2025-12-22 00:15:09,07:49:31,28171,7.8253,1,REP_S_00461.csv
1,Person_0001,Main Street Coffee,22-Dec-25,14:39:10,23-Dec-25,00:21:15,2025-12-22 14:39:10,2025-12-23 00:21:15,09:42:05,34925,9.7014,1,REP_S_00461.csv
1,Person_0001,Main Street Coffee,23-Dec-25,15:37:36,24-Dec-25,00:22:47,2025-12-23 15:37:36,2025-12-24 00:22:47,08:45:11,31511,8.7531,1,REP_S_00461.csv
1,Person_0001,Main Street Coffee,24-Dec-25,12:38:31,24-Dec-25,21:29:08,2025-12-24 12:38:31,2025-12-24 21:29:08,08:50:37,31837,8.8436,0,REP_S_00461.csv
1,Person_0001,Main Street Coffee,25-Dec-25,15:24:48,26-Dec-25,00:25:13,2025-12-25 15:24:48,2025-12-26 00:25:13,09:00:25,32425,9.0069,1,REP_S_00461.csv
1,Person_0001,Main Street Coffee,26-Dec-25,16:05:55,27-Dec-25,00:51:30,2025-12-26 16:05:55,2025-12-27 00:51:30,08:45:35,31535,8.7597,1,REP_S_00461.csv
1,Person_0001,Main Street Coffee,27-Dec-25,15:33:02,28-Dec-25,00:04:24,2025-12-27 15:33:02,2025-12-28 00:04:24,08:31:22,30682,8.5228,1,REP_S_00461.csv
1,Person_0001,Main Street Coffee,28-Dec-25,22:43:17,28-Dec-25,22:43:24,2025-12-28 22:43:17,2025-12-28 22:43:24,00:00:07,7,0.0019,0,REP_S_00461.csv
1,Person_0001,Main Street Coffee,29-Dec-25,07:23:08,29-Dec-25,15:42:54,2025-12-29 07:23:08,2025-12-29 15:42:54,08:19:46,29986,8.3294,0,REP_S_00461.csv
6,Person_0002,Conut Jnah,01-Dec-25,13:28:48,01-Dec-25,22:06:03,2025-12-01 13:28:48,2025-12-01 22:06:03,08:37:15,31035,8.6208,0,REP_S_00461.csv
6,Person_0002,Conut Jnah,03-Dec-25,15:07:53,03-Dec-25,23:20:17,2025-12-03 15:07:53,2025-12-03 23:20:17,08:12:24,29544,8.2067,0,REP_S_00461.csv
6,Person_0002,Conut Jnah,04-Dec-25,08:40:08,04-Dec-25,16:39:15,2025-12-04 08:40:08,2025-12-04 16:39:15,07:59:07,28747,7.9853,0,REP_S_00461.csv
6,Person_0002,Conut Jnah,06-Dec-25,21:30:05,07-Dec-25,14:58:24,2025-12-06 21:30:05,2025-12-07 14:58:24,17:28:19,62899,17.4719,1,REP_S_00461.csv
6,Person_0002,Conut Jnah,07-Dec-25,23:56:59,07-Dec-25,23:57:04,2025-12-07 23:56:59,2025-12-07 23:57:04,00:00:05,5,0.0014,0,REP_S_00461.csv
6,Person_0002,Conut Jnah,08-Dec-25,09:12:51,10-Dec-25,08:55:53,2025-12-08 09:12:51,2025-12-10 08:55:53,23:43:02,85382,23.7172,1,REP_S_00461.csv
6,Person_0002,Conut Jnah,10-Dec-25,08:56:00,10-Dec-25,18:01:59,2025-12-10 08:56:00,2025-12-10 18:01:59,09:05:59,32759,9.0997,0,REP_S_00461.csv
6,Person_0002,Conut Jnah,11-Dec-25,09:29:09,11-Dec-25,18:06:23,2025-12-11 09:29:09,2025-12-11 18:06:23,08:37:14,31034,8.6206,0,REP_S_00461.csv
6,Person_0002,Conut Jnah,13-Dec-25,15:02:35,13-Dec-25,23:58:39,2025-12-13 15:02:35,2025-12-13 23:58:39,08:56:04,32164,8.9344,0,REP_S_00461.csv
6,Person_0002,Conut Jnah,16-Dec-25,15:41:27,17-Dec-25,00:00:31,2025-12-16 15:41:27,2025-12-17 00:00:31,08:19:04,29944,8.3178,1,REP_S_00461.csv
6,Person_0002,Conut Jnah,17-Dec-25,16:52:10,18-Dec-25,00:00:09,2025-12-17 16:52:10,2025-12-18 00:00:09,07:07:59,25679,7.1331,1,REP_S_00461.csv
6,Person_0002,Conut Jnah,18-Dec-25,18:19:57,19-Dec-25,00:05:05,2025-12-18 18:19:57,2025-12-19 00:05:05,05:45:08,20708,5.7522,1,REP_S_00461.csv
6,Person_0002,Conut Jnah,19-Dec-25,18:35:22,19-Dec-25,23:58:33,2025-12-19 18:35:22,2025-12-19 23:58:33,05:23:11,19391,5.3864,0,REP_S_00461.csv
6,Person_0002,Conut Jnah,20-Dec-25,18:29:22,20-Dec-25,23:59:28,2025-12-20 18:29:22,2025-12-20 23:59:28,05:30:06,19806,5.5017,0,REP_S_00461.csv
6,Person_0002,Conut Jnah,23-Dec-25,18:01:01,24-Dec-25,00:38:39,2025-12-23 18:01:01,2025-12-24 00:38:39,06:37:38,23858,6.6272,1,REP_S_00461.csv
6,Person_0002,Conut Jnah,24-Dec-25,16:18:30,25-Dec-25,00:01:16,2025-12-24 16:18:30,2025-12-25 00:01:16,07:42:46,27766,7.7128,1,REP_S_00461.csv
6,Person_0002,Conut Jnah,25-Dec-25,14:43:02,25-Dec-25,23:20:22,2025-12-25 14:43:02,2025-12-25 23:20:22,08:37:20,31040,8.6222,0,REP_S_00461.csv
6,Person_0002,Conut Jnah,26-Dec-25,15:14:45,26-Dec-25,23:32:20,2025-12-26 15:14:45,2025-12-26 23:32:20,08:17:35,29855,8.2931,0,REP_S_00461.csv
6,Person_0002,Conut Jnah,28-Dec-25,10:09:31,28-Dec-25,13:21:12,2025-12-28 10:09:31,2025-12-28 13:21:12,03:11:41,11501,3.1947,0,REP_S_00461.csv
7,Person_0003,Conut Jnah,01-Dec-25,08:44:56,01-Dec-25,16:49:35,2025-12-01 08:44:56,2025-12-01 16:49:35,08:04:39,29079,8.0775,0,REP_S_00461.csv
7,Person_0003,Conut Jnah,02-Dec-25,08:49:26,02-Dec-25,15:09:24,2025-12-02 08:49:26,2025-12-02 15:09:24,06:19:58,22798,6.3328,0,REP_S_00461.csv
7,Person_0003,Conut Jnah,03-Dec-25,09:01:04,03-Dec-25,15:35:30,2025-12-03 09:01:04,2025-12-03 15:35:30,06:34:26,23666,6.5739,0,REP_S_00461.csv
7,Person_0003,Conut Jnah,05-Dec-25,09:10:53,05-Dec-25,15:26:41,2025-12-05 09:10:53,2025-12-05 15:26:41,06:15:48,22548,6.2633,0,REP_S_00461.csv
7,Person_0003,Conut Jnah,06-Dec-25,09:03:55,06-Dec-25,15:47:23,2025-12-06 09:03:55,2025-12-06 15:47:23,06:43:28,24208,6.7244,0,REP_S_00461.csv
7,Person_0003,Conut Jnah,07-Dec-25,09:10:23,07-Dec-25,16:10:07,2025-12-07 09:10:23,2025-12-07 16:10:07,06:59:44,25184,6.9956,0,REP_S_00461.csv
7,Person_0003,Conut Jnah,08-Dec-25,09:12:40,08-Dec-25,16:14:14,2025-12-08 09:12:40,2025-12-08 16:14:14,07:01:34,25294,7.0261,0,REP_S_00461.csv
7,Person_0003,Conut Jnah,09-Dec-25,09:03:17,09-Dec-25,14:07:56,2025-12-09 09:03:17,2025-12-09 14:07:56,05:04:39,18279,5.0775,0,REP_S_00461.csv
7,Person_0003,Conut Jnah,11-Dec-25,09:36:30,11-Dec-25,14:44:24,2025-12-11 09:36:30,2025-12-11 14:44:24,05:07:54,18474,5.1317,0,REP_S_00461.csv
7,Person_0003,Conut Jnah,12-Dec-25,09:33:03,12-Dec-25,13:31:21,2025-12-12 09:33:03,2025-12-12 13:31:21,03:58:18,14298,3.9717,0,REP_S_00461.csv
7,Person_0003,Conut Jnah,13-Dec-25,16:19:54,13-Dec-25,16:19:59,2025-12-13 16:19:54,2025-12-13 16:19:59,00:00:05,5,0.0014,0,REP_S_00461.csv
7,Person_0003,Conut Jnah,14-Dec-25,09:07:31,14-Dec-25,16:20:29,2025-12-14 09:07:31,2025-12-14 16:20:29,07:12:58,25978,7.2161,0,REP_S_00461.csv
7,Person_0003,Conut Jnah,15-Dec-25,09:26:57,15-Dec-25,16:02:00,2025-12-15 09:26:57,2025-12-15 16:02:00,06:35:03,23703,6.5842,0,REP_S_00461.csv
7,Person_0003,Conut Jnah,16-Dec-25,09:12:28,16-Dec-25,14:04:22,2025-12-16 09:12:28,2025-12-16 14:04:22,04:51:54,17514,4.865,0,REP_S_00461.csv
7,Person_0003,Conut Jnah,17-Dec-25,09:16:19,17-Dec-25,14:30:03,2025-12-17 09:16:19,2025-12-17 14:30:03,05:13:44,18824,5.2289,0,REP_S_00461.csv
7,Person_0003,Conut Jnah,18-Dec-25,08:41:27,18-Dec-25,11:40:03,2025-12-18 08:41:27,2025-12-18 11:40:03,02:58:36,10716,2.9767,0,REP_S_00461.csv
7,Person_0003,Conut Jnah,19-Dec-25,11:17:27,19-Dec-25,11:17:33,2025-12-19 11:17:27,2025-12-19 11:17:33,00:00:06,6,0.0017,0,REP_S_00461.csv
7,Person_0003,Conut Jnah,19-Dec-25,14:32:20,19-Dec-25,14:35:58,2025-12-19 14:32:20,2025-12-19 14:35:58,00:03:38,218,0.0606,0,REP_S_00461.csv
7,Person_0003,Conut Jnah,20-Dec-25,08:48:52,20-Dec-25,15:40:41,2025-12-20 08:48:52,2025-12-20 15:40:41,06:51:49,24709,6.8636,0,REP_S_00461.csv
7,Person_0003,Conut Jnah,21-Dec-25,09:16:25,21-Dec-25,15:18:11,2025-12-21 09:16:25,2025-12-21 15:18:11,06:01:46,21706,6.0294,0,REP_S_00461.csv
7,Person_0003,Conut Jnah,22-Dec-25,10:04:11,22-Dec-25,16:06:45,2025-12-22 10:04:11,2025-12-22 16:06:45,06:02:34,21754,6.0428,0,REP_S_00461.csv
7,Person_0003,Conut Jnah,23-Dec-25,09:03:13,23-Dec-25,15:43:54,2025-12-23 09:03:13,2025-12-23 15:43:54,06:40:41,24041,6.6781,0,REP_S_00461.csv
7,Person_0003,Conut Jnah,25-Dec-25,09:15:54,25-Dec-25,14:57:05,2025-12-25 09:15:54,2025-12-25 14:57:05,05:41:11,20471,5.6864,0,REP_S_00461.csv
7,Person_0003,Conut Jnah,26-Dec-25,09:29:02,26-Dec-25,15:01:29,2025-12-26 09:29:02,2025-12-26 15:01:29,05:32:27,19947,5.5408,0,REP_S_00461.csv
7,Person_0003,Conut Jnah,27-Dec-25,09:18:19,27-Dec-25,15:29:36,2025-12-27 09:18:19,2025-12-27 15:29:36,06:11:17,22277,6.1881,0,REP_S_00461.csv
7,Person_0003,Conut Jnah,28-Dec-25,09:23:29,28-Dec-25,15:19:00,2025-12-28 09:23:29,2025-12-28 15:19:00,05:55:31,21331,5.9253,0,REP_S_00461.csv
7,Person_0003,Conut Jnah,29-Dec-25,09:55:37,29-Dec-25,15:38:25,2025-12-29 09:55:37,2025-12-29 15:38:25,05:42:48,20568,5.7133,0,REP_S_00461.csv
8,Person_0004,Conut Jnah,02-Dec-25,13:00:02,02-Dec-25,22:00:10,2025-12-02 13:00:02,2025-12-02 22:00:10,09:00:08,32408,9.0022,0,REP_S_00461.csv
8,Person_0004,Conut Jnah,03-Dec-25,13:44:47,03-Dec-25,22:00:52,2025-12-03 13:44:47,2025-12-03 22:00:52,08:16:05,29765,8.2681,0,REP_S_00461.csv
8,Person_0004,Conut Jnah,04-Dec-25,13:00:11,04-Dec-25,22:00:31,2025-12-04 13:00:11,2025-12-04 22:00:31,09:00:20,32420,9.0056,0,REP_S_00461.csv
8,Person_0004,Conut Jnah,05-Dec-25,13:13:21,05-Dec-25,22:02:33,2025-12-05 13:13:21,2025-12-05 22:02:33,08:49:12,31752,8.82,0,REP_S_00461.csv
8,Person_0004,Conut Jnah,06-Dec-25,13:19:38,06-Dec-25,22:04:01,2025-12-06 13:19:38,2025-12-06 22:04:01,08:44:23,31463,8.7397,0,REP_S_00461.csv
8,Person_0004,Conut Jnah,07-Dec-25,09:30:42,07-Dec-25,18:57:40,2025-12-07 09:30:42,2025-12-07 18:57:40,09:26:58,34018,9.4494,0,REP_S_00461.csv
8,Person_0004,Conut Jnah,09-Dec-25,13:06:01,09-Dec-25,22:02:46,2025-12-09 13:06:01,2025-12-09 22:02:46,08:56:45,32205,8.9458,0,REP_S_00461.csv
8,Person_0004,Conut Jnah,10-Dec-25,13:05:02,10-Dec-25,22:00:57,2025-12-10 13:05:02,2025-12-10 22:00:57,08:55:55,32155,8.9319,0,REP_S_00461.csv
8,Person_0004,Conut Jnah,11-Dec-25,12:57:19,11-Dec-25,18:06:07,2025-12-11 12:57:19,2025-12-11 18:06:07,05:08:48,18528,5.1467,0,REP_S_00461.csv
8,Person_0004,Conut Jnah,12-Dec-25,09:52:01,12-Dec-25,09:52:15,2025-12-12 09:52:01,2025-12-12 09:52:15,00:00:14,14,0.0039,0,REP_S_00461.csv
8,Person_0004,Conut Jnah,12-Dec-25,10:07:18,12-Dec-25,19:00:48,2025-12-12 10:07:18,2025-12-12 19:00:48,08:53:30,32010,8.8917,0,REP_S_00461.csv
8,Person_0004,Conut Jnah,13-Dec-25,13:07:30,13-Dec-25,22:00:14,2025-12-13 13:07:30,2025-12-13 22:00:14,08:52:44,31964,8.8789,0,REP_S_00461.csv
8,Person_0004,Conut Jnah,14-Dec-25,13:05:45,14-Dec-25,22:01:16,2025-12-14 13:05:45,2025-12-14 22:01:16,08:55:31,32131,8.9253,0,REP_S_00461.csv
8,Person_0004,Conut Jnah,15-Dec-25,13:07:32,15-Dec-25,13:08:14,2025-12-15 13:07:32,2025-12-15 13:08:14,00:00:42,42,0.0117,0,REP_S_00461.csv
8,Person_0004,Conut Jnah,15-Dec-25,13:08:19,15-Dec-25,21:57:29,2025-12-15 13:08:19,2025-12-15 21:57:29,08:49:10,31750,8.8194,0,REP_S_00461.csv
8,Person_0004,Conut Jnah,16-Dec-25,11:03:43,16-Dec-25,20:00:59,2025-12-16 11:03:43,2025-12-16 20:00:59,08:57:16,32236,8.9544,0,REP_S_00461.csv
8,Person_0004,Conut Jnah,17-Dec-25,12:57:00,18-Dec-25,21:59:32,2025-12-17 12:57:00,2025-12-18 21:59:32,09:02:32,32552,9.0422,1,REP_S_00461.csv
8,Person_0004,Conut Jnah,20-Dec-25,08:54:30,20-Dec-25,18:02:35,2025-12-20 08:54:30,2025-12-20 18:02:35,09:08:05,32885,9.1347,0,REP_S_00461.csv
8,Person_0004,Conut Jnah,21-Dec-25,09:06:03,21-Dec-25,18:10:27,2025-12-21 09:06:03,2025-12-21 18:10:27,09:04:24,32664,9.0733,0,REP_S_00461.csv
8,Person_0004,Conut Jnah,22-Dec-25,13:01:54,22-Dec-25,22:01:12,2025-12-22 13:01:54,2025-12-22 22:01:12,08:59:18,32358,8.9883,0,REP_S_00461.csv
8,Person_0004,Conut Jnah,23-Dec-25,13:01:28,23-Dec-25,22:00:35,2025-12-23 13:01:28,2025-12-23 22:00:35,08:59:07,32347,8.9853,0,REP_S_00461.csv
8,Person_0004,Conut Jnah,25-Dec-25,13:09:10,25-Dec-25,22:01:20,2025-12-25 13:09:10,2025-12-25 22:01:20,08:52:10,31930,8.8694,0,REP_S_00461.csv
8,Person_0004,Conut Jnah,26-Dec-25,13:09:57,26-Dec-25,22:02:15,2025-12-26 13:09:57,2025-12-26 22:02:15,08:52:18,31938,8.8717,0,REP_S_00461.csv
8,Person_0004,Conut Jnah,27-Dec-25,08:50:37,27-Dec-25,18:06:34,2025-12-27 08:50:37,2025-12-27 18:06:34,09:15:57,33357,9.2658,0,REP_S_00461.csv
8,Person_0004,Conut Jnah,28-Dec-25,13:13:28,28-Dec-25,22:05:36,2025-12-28 13:13:28,2025-12-28 22:05:36,08:52:08,31928,8.8689,0,REP_S_00461.csv
8,Person_0004,Conut Jnah,29-Dec-25,13:13:30,29-Dec-25,22:04:50,2025-12-29 13:13:30,2025-12-29 22:04:50,08:51:20,31880,8.8556,0,REP_S_00461.csv
27,Person_0005,Conut - Tyre,19-Dec-25,19:02:17,25-Dec-25,15:02:30,2025-12-19 19:02:17,2025-12-25 15:02:30,20:00:13,72013,20.0036,1,REP_S_00461.csv
30,Person_0006,Conut - Tyre,02-Dec-25,12:13:43,02-Dec-25,19:57:12,2025-12-02 12:13:43,2025-12-02 19:57:12,07:43:29,27809,7.7247,0,REP_S_00461.csv
30,Person_0006,Conut - Tyre,03-Dec-25,14:12:32,04-Dec-25,00:23:20,2025-12-03 14:12:32,2025-12-04 00:23:20,10:10:48,36648,10.18,1,REP_S_00461.csv
30,Person_0006,Conut - Tyre,04-Dec-25,12:10:45,04-Dec-25,18:33:13,2025-12-04 12:10:45,2025-12-04 18:33:13,06:22:28,22948,6.3744,0,REP_S_00461.csv
30,Person_0006,Conut - Tyre,05-Dec-25,11:51:32,05-Dec-25,19:58:06,2025-12-05 11:51:32,2025-12-05 19:58:06,08:06:34,29194,8.1094,0,REP_S_00461.csv
30,Person_0006,Conut - Tyre,06-Dec-25,14:15:33,06-Dec-25,23:30:16,2025-12-06 14:15:33,2025-12-06 23:30:16,09:14:43,33283,9.2453,0,REP_S_00461.csv
30,Person_0006,Conut - Tyre,07-Dec-25,14:33:09,07-Dec-25,23:52:12,2025-12-07 14:33:09,2025-12-07 23:52:12,09:19:03,33543,9.3175,0,REP_S_00461.csv
30,Person_0006,Conut - Tyre,08-Dec-25,20:17:09,10-Dec-25,15:00:34,2025-12-08 20:17:09,2025-12-10 15:00:34,18:43:25,67405,18.7236,1,REP_S_00461.csv
30,Person_0006,Conut - Tyre,10-Dec-25,15:00:46,11-Dec-25,00:01:16,2025-12-10 15:00:46,2025-12-11 00:01:16,09:00:30,32430,9.0083,1,REP_S_00461.csv
30,Person_0006,Conut - Tyre,11-Dec-25,15:06:11,11-Dec-25,19:55:13,2025-12-11 15:06:11,2025-12-11 19:55:13,04:49:02,17342,4.8172,0,REP_S_00461.csv
30,Person_0006,Conut - Tyre,12-Dec-25,12:02:12,13-Dec-25,14:55:31,2025-12-12 12:02:12,2025-12-13 14:55:31,02:53:19,10399,2.8886,1,REP_S_00461.csv
30,Person_0006,Conut - Tyre,13-Dec-25,14:55:37,13-Dec-25,23:33:17,2025-12-13 14:55:37,2025-12-13 23:33:17,08:37:40,31060,8.6278,0,REP_S_00461.csv
30,Person_0006,Conut - Tyre,14-Dec-25,14:35:42,14-Dec-25,23:42:34,2025-12-14 14:35:42,2025-12-14 23:42:34,09:06:52,32812,9.1144,0,REP_S_00461.csv
30,Person_0006,Conut - Tyre,16-Dec-25,15:27:18,17-Dec-25,16:39:21,2025-12-16 15:27:18,2025-12-17 16:39:21,01:12:03,4323,1.2008,1,REP_S_00461.csv
30,Person_0006,Conut - Tyre,17-Dec-25,23:30:32,17-Dec-25,23:30:50,2025-12-17 23:30:32,2025-12-17 23:30:50,00:00:18,18,0.005,0,REP_S_00461.csv
30,Person_0006,Conut - Tyre,18-Dec-25,14:35:29,18-Dec-25,23:30:38,2025-12-18 14:35:29,2025-12-18 23:30:38,08:55:09,32109,8.9192,0,REP_S_00461.csv
30,Person_0006,Conut - Tyre,19-Dec-25,12:08:35,19-Dec-25,21:05:24,2025-12-19 12:08:35,2025-12-19 21:05:24,08:56:49,32209,8.9469,0,REP_S_00461.csv
30,Person_0006,Conut - Tyre,20-Dec-25,14:30:58,20-Dec-25,23:35:54,2025-12-20 14:30:58,2025-12-20 23:35:54,09:04:56,32696,9.0822,0,REP_S_00461.csv
30,Person_0006,Conut - Tyre,21-Dec-25,14:29:31,21-Dec-25,23:58:15,2025-12-21 14:29:31,2025-12-21 23:58:15,09:28:44,34124,9.4789,0,REP_S_00461.csv
30,Person_0006,Conut - Tyre,23-Dec-25,15:45:40,24-Dec-25,15:11:12,2025-12-23 15:45:40,2025-12-24 15:11:12,23:25:32,84332,23.4256,1,REP_S_00461.csv
30,Person_0006,Conut - Tyre,24-Dec-25,15:11:18,24-Dec-25,23:26:33,2025-12-24 15:11:18,2025-12-24 23:26:33,08:15:15,29715,8.2542,0,REP_S_00461.csv
30,Person_0006,Conut - Tyre,25-Dec-25,14:19:06,25-Dec-25,23:33:41,2025-12-25 14:19:06,2025-12-25 23:33:41,09:14:35,33275,9.2431,0,REP_S_00461.csv
30,Person_0006,Conut - Tyre,26-Dec-25,15:23:04,27-Dec-25,15:17:59,2025-12-26 15:23:04,2025-12-27 15:17:59,23:54:55,86095,23.9153,1,REP_S_00461.csv
30,Person_0006,Conut - Tyre,27-Dec-25,15:18:04,27-Dec-25,23:24:29,2025-12-27 15:18:04,2025-12-27 23:24:29,08:06:25,29185,8.1069,0,REP_S_00461.csv
30,Person_0006,Conut - Tyre,28-Dec-25,15:09:55,28-Dec-25,23:27:56,2025-12-28 15:09:55,2025-12-28 23:27:56,08:18:01,29881,8.3003,0,REP_S_00461.csv
31,Person_0007,Conut - Tyre,01-Dec-25,16:30:35,01-Dec-25,23:39:07,2025-12-01 16:30:35,2025-12-01 23:39:07,07:08:32,25712,7.1422,0,REP_S_00461.csv
31,Person_0007,Conut - Tyre,02-Dec-25,16:07:52,02-Dec-25,16:29:08,2025-12-02 16:07:52,2025-12-02 16:29:08,00:21:16,1276,0.3544,0,REP_S_00461.csv
31,Person_0007,Conut - Tyre,02-Dec-25,16:29:15,02-Dec-25,23:46:26,2025-12-02 16:29:15,2025-12-02 23:46:26,07:17:11,26231,7.2864,0,REP_S_00461.csv
31,Person_0007,Conut - Tyre,04-Dec-25,14:49:06,04-Dec-25,23:43:08,2025-12-04 14:49:06,2025-12-04 23:43:08,08:54:02,32042,8.9006,0,REP_S_00461.csv
31,Person_0007,Conut - Tyre,05-Dec-25,16:08:50,05-Dec-25,23:37:28,2025-12-05 16:08:50,2025-12-05 23:37:28,07:28:38,26918,7.4772,0,REP_S_00461.csv
31,Person_0007,Conut - Tyre,06-Dec-25,11:19:33,06-Dec-25,20:09:30,2025-12-06 11:19:33,2025-12-06 20:09:30,08:49:57,31797,8.8325,0,REP_S_00461.csv
31,Person_0007,Conut - Tyre,08-Dec-25,15:20:38,08-Dec-25,23:42:07,2025-12-08 15:20:38,2025-12-08 23:42:07,08:21:29,30089,8.3581,0,REP_S_00461.csv
31,Person_0007,Conut - Tyre,09-Dec-25,15:08:13,09-Dec-25,23:47:06,2025-12-09 15:08:13,2025-12-09 23:47:06,08:38:53,31133,8.6481,0,REP_S_00461.csv
31,Person_0007,Conut - Tyre,12-Dec-25,16:58:44,12-Dec-25,23:54:08,2025-12-12 16:58:44,2025-12-12 23:54:08,06:55:24,24924,6.9233,0,REP_S_00461.csv
31,Person_0007,Conut - Tyre,13-Dec-25,12:41:02,13-Dec-25,19:31:54,2025-12-13 12:41:02,2025-12-13 19:31:54,06:50:52,24652,6.8478,0,REP_S_00461.csv
31,Person_0007,Conut - Tyre,14-Dec-25,12:03:23,14-Dec-25,13:14:32,2025-12-14 12:03:23,2025-12-14 13:14:32,01:11:09,4269,1.1858,0,REP_S_00461.csv
31,Person_0007,Conut - Tyre,15-Dec-25,15:54:01,15-Dec-25,23:56:23,2025-12-15 15:54:01,2025-12-15 23:56:23,08:02:22,28942,8.0394,0,REP_S_00461.csv
31,Person_0007,Conut - Tyre,16-Dec-25,17:33:29,16-Dec-25,23:32:22,2025-12-16 17:33:29,2025-12-16 23:32:22,05:58:53,21533,5.9814,0,REP_S_00461.csv
31,Person_0007,Conut - Tyre,17-Dec-25,11:43:21,17-Dec-25,18:19:35,2025-12-17 11:43:21,2025-12-17 18:19:35,06:36:14,23774,6.6039,0,REP_S_00461.csv
31,Person_0007,Conut - Tyre,18-Dec-25,10:31:14,18-Dec-25,14:35:14,2025-12-18 10:31:14,2025-12-18 14:35:14,04:04:00,14640,4.0667,0,REP_S_00461.csv
31,Person_0007,Conut - Tyre,18-Dec-25,14:35:23,19-Dec-25,18:42:43,2025-12-18 14:35:23,2025-12-19 18:42:43,04:07:20,14840,4.1222,1,REP_S_00461.csv
31,Person_0007,Conut - Tyre,19-Dec-25,18:42:50,19-Dec-25,23:48:09,2025-12-19 18:42:50,2025-12-19 23:48:09,05:05:19,18319,5.0886,0,REP_S_00461.csv
31,Person_0007,Conut - Tyre,20-Dec-25,18:40:42,20-Dec-25,18:40:49,2025-12-20 18:40:42,2025-12-20 18:40:49,00:00:07,7,0.0019,0,REP_S_00461.csv
31,Person_0007,Conut - Tyre,21-Dec-25,11:58:21,21-Dec-25,16:44:00,2025-12-21 11:58:21,2025-12-21 16:44:00,04:45:39,17139,4.7608,0,REP_S_00461.csv
31,Person_0007,Conut - Tyre,22-Dec-25,14:58:35,22-Dec-25,23:34:02,2025-12-22 14:58:35,2025-12-22 23:34:02,08:35:27,30927,8.5908,0,REP_S_00461.csv
31,Person_0007,Conut - Tyre,23-Dec-25,16:01:27,23-Dec-25,23:44:38,2025-12-23 16:01:27,2025-12-23 23:44:38,07:43:11,27791,7.7197,0,REP_S_00461.csv
31,Person_0007,Conut - Tyre,25-Dec-25,11:37:40,26-Dec-25,16:38:43,2025-12-25 11:37:40,2025-12-26 16:38:43,05:01:03,18063,5.0175,1,REP_S_00461.csv
31,Person_0007,Conut - Tyre,26-Dec-25,16:38:54,26-Dec-25,17:05:28,2025-12-26 16:38:54,2025-12-26 17:05:28,00:26:34,1594,0.4428,0,REP_S_00461.csv
31,Person_0007,Conut - Tyre,26-Dec-25,17:05:34,26-Dec-25,23:27:26,2025-12-26 17:05:34,2025-12-26 23:27:26,06:21:52,22912,6.3644,0,REP_S_00461.csv
31,Person_0007,Conut - Tyre,27-Dec-25,11:47:16,28-Dec-25,11:57:35,2025-12-27 11:47:16,2025-12-28 11:57:35,00:10:19,619,0.1719,1,REP_S_00461.csv
31,Person_0007,Conut - Tyre,28-Dec-25,11:57:49,29-Dec-25,23:32:48,2025-12-28 11:57:49,2025-12-29 23:32:48,11:34:59,41699,11.5831,1,REP_S_00461.csv
34,Person_0008,Conut Jnah,15-Dec-25,13:07:53,15-Dec-25,13:08:03,2025-12-15 13:07:53,2025-12-15 13:08:03,00:00:10,10,0.0028,0,REP_S_00461.csv
35,Person_0009,Conut - Tyre,01-Dec-25,11:57:02,01-Dec-25,21:43:07,2025-12-01 11:57:02,2025-12-01 21:43:07,09:46:05,35165,9.7681,0,REP_S_00461.csv
35,Person_0009,Conut - Tyre,03-Dec-25,08:52:34,03-Dec-25,20:28:54,2025-12-03 08:52:34,2025-12-03 20:28:54,11:36:20,41780,11.6056,0,REP_S_00461.csv
35,Person_0009,Conut - Tyre,04-Dec-25,13:29:30,04-Dec-25,23:43:02,2025-12-04 13:29:30,2025-12-04 23:43:02,10:13:32,36812,10.2256,0,REP_S_00461.csv
35,Person_0009,Conut - Tyre,05-Dec-25,15:27:46,05-Dec-25,23:37:21,2025-12-05 15:27:46,2025-12-05 23:37:21,08:09:35,29375,8.1597,0,REP_S_00461.csv
35,Person_0009,Conut - Tyre,06-Dec-25,15:33:39,06-Dec-25,23:30:26,2025-12-06 15:33:39,2025-12-06 23:30:26,07:56:47,28607,7.9464,0,REP_S_00461.csv
35,Person_0009,Conut - Tyre,07-Dec-25,15:05:54,07-Dec-25,23:52:18,2025-12-07 15:05:54,2025-12-07 23:52:18,08:46:24,31584,8.7733,0,REP_S_00461.csv
35,Person_0009,Conut - Tyre,09-Dec-25,11:48:33,09-Dec-25,21:13:40,2025-12-09 11:48:33,2025-12-09 21:13:40,09:25:07,33907,9.4186,0,REP_S_00461.csv
35,Person_0009,Conut - Tyre,10-Dec-25,14:51:04,10-Dec-25,14:51:13,2025-12-10 14:51:04,2025-12-10 14:51:13,00:00:09,9,0.0025,0,REP_S_00461.csv
35,Person_0009,Conut - Tyre,10-Dec-25,14:51:19,11-Dec-25,00:01:22,2025-12-10 14:51:19,2025-12-11 00:01:22,09:10:03,33003,9.1675,1,REP_S_00461.csv
35,Person_0009,Conut - Tyre,11-Dec-25,14:59:56,11-Dec-25,23:45:03,2025-12-11 14:59:56,2025-12-11 23:45:03,08:45:07,31507,8.7519,0,REP_S_00461.csv
35,Person_0009,Conut - Tyre,12-Dec-25,14:54:17,12-Dec-25,23:54:02,2025-12-12 14:54:17,2025-12-12 23:54:02,08:59:45,32385,8.9958,0,REP_S_00461.csv
35,Person_0009,Conut - Tyre,13-Dec-25,17:08:35,13-Dec-25,23:33:11,2025-12-13 17:08:35,2025-12-13 23:33:11,06:24:36,23076,6.41,0,REP_S_00461.csv
35,Person_0009,Conut - Tyre,14-Dec-25,13:15:08,14-Dec-25,23:42:42,2025-12-14 13:15:08,2025-12-14 23:42:42,10:27:34,37654,10.4594,0,REP_S_00461.csv
35,Person_0009,Conut - Tyre,17-Dec-25,15:14:57,17-Dec-25,23:30:57,2025-12-17 15:14:57,2025-12-17 23:30:57,08:16:00,29760,8.2667,0,REP_S_00461.csv
35,Person_0009,Conut - Tyre,18-Dec-25,15:00:37,18-Dec-25,23:30:32,2025-12-18 15:00:37,2025-12-18 23:30:32,08:29:55,30595,8.4986,0,REP_S_00461.csv
35,Person_0009,Conut - Tyre,19-Dec-25,15:38:57,19-Dec-25,23:48:20,2025-12-19 15:38:57,2025-12-19 23:48:20,08:09:23,29363,8.1564,0,REP_S_00461.csv
35,Person_0009,Conut - Tyre,20-Dec-25,14:53:05,20-Dec-25,23:35:39,2025-12-20 14:53:05,2025-12-20 23:35:39,08:42:34,31354,8.7094,0,REP_S_00461.csv
35,Person_0009,Conut - Tyre,21-Dec-25,14:58:31,21-Dec-25,23:58:21,2025-12-21 14:58:31,2025-12-21 23:58:21,08:59:50,32390,8.9972,0,REP_S_00461.csv
35,Person_0009,Conut - Tyre,22-Dec-25,11:16:09,22-Dec-25,22:00:55,2025-12-22 11:16:09,2025-12-22 22:00:55,10:44:46,38686,10.7461,0,REP_S_00461.csv
35,Person_0009,Conut - Tyre,23-Dec-25,14:39:30,23-Dec-25,23:44:33,2025-12-23 14:39:30,2025-12-23 23:44:33,09:05:03,32703,9.0842,0,REP_S_00461.csv
35,Person_0009,Conut - Tyre,24-Dec-25,15:32:34,24-Dec-25,23:26:39,2025-12-24 15:32:34,2025-12-24 23:26:39,07:54:05,28445,7.9014,0,REP_S_00461.csv
35,Person_0009,Conut - Tyre,25-Dec-25,15:02:09,25-Dec-25,23:33:47,2025-12-25 15:02:09,2025-12-25 23:33:47,08:31:38,30698,8.5272,0,REP_S_00461.csv
35,Person_0009,Conut - Tyre,27-Dec-25,14:25:00,27-Dec-25,23:24:34,2025-12-27 14:25:00,2025-12-27 23:24:34,08:59:34,32374,8.9928,0,REP_S_00461.csv
35,Person_0009,Conut - Tyre,28-Dec-25,15:16:09,28-Dec-25,23:28:02,2025-12-28 15:16:09,2025-12-28 23:28:02,08:11:53,29513,8.1981,0,REP_S_00461.csv
35,Person_0009,Conut - Tyre,29-Dec-25,16:40:37,29-Dec-25,23:36:46,2025-12-29 16:40:37,2025-12-29 23:36:46,06:56:09,24969,6.9358,0,REP_S_00461.csv
45,Person_0010,Conut - Tyre,01-Dec-25,14:56:32,01-Dec-25,23:39:02,2025-12-01 14:56:32,2025-12-01 23:39:02,08:42:30,31350,8.7083,0,REP_S_00461.csv
45,Person_0010,Conut - Tyre,02-Dec-25,15:11:36,02-Dec-25,23:45:33,2025-12-02 15:11:36,2025-12-02 23:45:33,08:33:57,30837,8.5658,0,REP_S_00461.csv
45,Person_0010,Conut - Tyre,03-Dec-25,15:00:26,04-Dec-25,00:23:26,2025-12-03 15:00:26,2025-12-04 00:23:26,09:23:00,33780,9.3833,1,REP_S_00461.csv
45,Person_0010,Conut - Tyre,05-Dec-25,15:27:59,05-Dec-25,23:37:35,2025-12-05 15:27:59,2025-12-05 23:37:35,08:09:36,29376,8.16,0,REP_S_00461.csv
45,Person_0010,Conut - Tyre,06-Dec-25,16:05:35,06-Dec-25,23:30:31,2025-12-06 16:05:35,2025-12-06 23:30:31,07:24:56,26696,7.4156,0,REP_S_00461.csv
45,Person_0010,Conut - Tyre,07-Dec-25,15:06:05,07-Dec-25,23:52:29,2025-12-07 15:06:05,2025-12-07 23:52:29,08:46:24,31584,8.7733,0,REP_S_00461.csv
45,Person_0010,Conut - Tyre,08-Dec-25,14:55:36,08-Dec-25,23:41:51,2025-12-08 14:55:36,2025-12-08 23:41:51,08:46:15,31575,8.7708,0,REP_S_00461.csv
45,Person_0010,Conut - Tyre,09-Dec-25,14:59:44,09-Dec-25,23:47:00,2025-12-09 14:59:44,2025-12-09 23:47:00,08:47:16,31636,8.7878,0,REP_S_00461.csv
45,Person_0010,Conut - Tyre,10-Dec-25,11:59:26,10-Dec-25,22:02:22,2025-12-10 11:59:26,2025-12-10 22:02:22,10:02:56,36176,10.0489,0,REP_S_00461.csv
45,Person_0010,Conut - Tyre,13-Dec-25,23:33:24,13-Dec-25,23:33:31,2025-12-13 23:33:24,2025-12-13 23:33:31,00:00:07,7,0.0019,0,REP_S_00461.csv
45,Person_0010,Conut - Tyre,14-Dec-25,14:57:36,14-Dec-25,23:42:24,2025-12-14 14:57:36,2025-12-14 23:42:24,08:44:48,31488,8.7467,0,REP_S_00461.csv
45,Person_0010,Conut - Tyre,15-Dec-25,15:13:34,15-Dec-25,23:56:29,2025-12-15 15:13:34,2025-12-15 23:56:29,08:42:55,31375,8.7153,0,REP_S_00461.csv
45,Person_0010,Conut - Tyre,16-Dec-25,12:07:38,16-Dec-25,22:08:45,2025-12-16 12:07:38,2025-12-16 22:08:45,10:01:07,36067,10.0186,0,REP_S_00461.csv
45,Person_0010,Conut - Tyre,17-Dec-25,23:31:07,17-Dec-25,23:31:12,2025-12-17 23:31:07,2025-12-17 23:31:12,00:00:05,5,0.0014,0,REP_S_00461.csv
45,Person_0010,Conut - Tyre,19-Dec-25,15:28:24,19-Dec-25,23:48:39,2025-12-19 15:28:24,2025-12-19 23:48:39,08:20:15,30015,8.3375,0,REP_S_00461.csv
45,Person_0010,Conut - Tyre,20-Dec-25,15:27:09,20-Dec-25,23:35:45,2025-12-20 15:27:09,2025-12-20 23:35:45,08:08:36,29316,8.1433,0,REP_S_00461.csv
45,Person_0010,Conut - Tyre,21-Dec-25,15:02:41,21-Dec-25,23:58:07,2025-12-21 15:02:41,2025-12-21 23:58:07,08:55:26,32126,8.9239,0,REP_S_00461.csv
45,Person_0010,Conut - Tyre,22-Dec-25,15:04:13,22-Dec-25,23:34:13,2025-12-22 15:04:13,2025-12-22 23:34:13,08:30:00,30600,8.5,0,REP_S_00461.csv
45,Person_0010,Conut - Tyre,24-Dec-25,11:56:14,24-Dec-25,21:42:47,2025-12-24 11:56:14,2025-12-24 21:42:47,09:46:33,35193,9.7758,0,REP_S_00461.csv
45,Person_0010,Conut - Tyre,25-Dec-25,15:02:21,25-Dec-25,15:03:27,2025-12-25 15:02:21,2025-12-25 15:03:27,00:01:06,66,0.0183,0,REP_S_00461.csv
45,Person_0010,Conut - Tyre,25-Dec-25,15:03:39,25-Dec-25,23:33:35,2025-12-25 15:03:39,2025-12-25 23:33:35,08:29:56,30596,8.4989,0,REP_S_00461.csv
45,Person_0010,Conut - Tyre,26-Dec-25,12:02:48,26-Dec-25,22:19:00,2025-12-26 12:02:48,2025-12-26 22:19:00,10:16:12,36972,10.27,0,REP_S_00461.csv
45,Person_0010,Conut - Tyre,27-Dec-25,15:04:03,27-Dec-25,23:24:24,2025-12-27 15:04:03,2025-12-27 23:24:24,08:20:21,30021,8.3392,0,REP_S_00461.csv
45,Person_0010,Conut - Tyre,28-Dec-25,14:58:27,28-Dec-25,23:27:51,2025-12-28 14:58:27,2025-12-28 23:27:51,08:29:24,30564,8.49,0,REP_S_00461.csv
48,Person_0011,Main Street Coffee,17-Dec-25,01:23:36,02-Jan-26,00:05:46,2025-12-17 01:23:36,2026-01-02 00:05:46,22:42:10,81730,22.7028,1,REP_S_00461.csv
49,Person_0012,Main Street Coffee,01-Dec-25,00:41:12,01-Dec-25,00:41:24,2025-12-01 00:41:12,2025-12-01 00:41:24,00:00:12,12,0.0033,0,REP_S_00461.csv
49,Person_0012,Main Street Coffee,01-Dec-25,14:49:36,02-Dec-25,00:30:06,2025-12-01 14:49:36,2025-12-02 00:30:06,09:40:30,34830,9.675,1,REP_S_00461.csv
49,Person_0012,Main Street Coffee,02-Dec-25,15:14:38,02-Dec-25,23:51:39,2025-12-02 15:14:38,2025-12-02 23:51:39,08:37:01,31021,8.6169,0,REP_S_00461.csv
49,Person_0012,Main Street Coffee,03-Dec-25,15:18:04,03-Dec-25,15:18:17,2025-12-03 15:18:04,2025-12-03 15:18:17,00:00:13,13,0.0036,0,REP_S_00461.csv
49,Person_0012,Main Street Coffee,04-Dec-25,00:17:20,04-Dec-25,00:17:27,2025-12-04 00:17:20,2025-12-04 00:17:27,00:00:07,7,0.0019,0,REP_S_00461.csv
49,Person_0012,Main Street Coffee,04-Dec-25,23:44:10,04-Dec-25,23:44:19,2025-12-04 23:44:10,2025-12-04 23:44:19,00:00:09,9,0.0025,0,REP_S_00461.csv
49,Person_0012,Main Street Coffee,05-Dec-25,00:00:20,05-Dec-25,00:00:27,2025-12-05 00:00:20,2025-12-05 00:00:27,00:00:07,7,0.0019,0,REP_S_00461.csv
49,Person_0012,Main Street Coffee,05-Dec-25,16:12:37,06-Dec-25,01:38:50,2025-12-05 16:12:37,2025-12-06 01:38:50,09:26:13,33973,9.4369,1,REP_S_00461.csv
49,Person_0012,Main Street Coffee,06-Dec-25,15:10:39,07-Dec-25,00:56:36,2025-12-06 15:10:39,2025-12-07 00:56:36,09:45:57,35157,9.7658,1,REP_S_00461.csv
49,Person_0012,Main Street Coffee,07-Dec-25,15:41:29,08-Dec-25,00:53:51,2025-12-07 15:41:29,2025-12-08 00:53:51,09:12:22,33142,9.2061,1,REP_S_00461.csv
49,Person_0012,Main Street Coffee,08-Dec-25,15:10:07,09-Dec-25,00:57:05,2025-12-08 15:10:07,2025-12-09 00:57:05,09:46:58,35218,9.7828,1,REP_S_00461.csv
49,Person_0012,Main Street Coffee,11-Dec-25,00:29:12,11-Dec-25,00:29:20,2025-12-11 00:29:12,2025-12-11 00:29:20,00:00:08,8,0.0022,0,REP_S_00461.csv
49,Person_0012,Main Street Coffee,11-Dec-25,15:23:32,12-Dec-25,00:16:17,2025-12-11 15:23:32,2025-12-12 00:16:17,08:52:45,31965,8.8792,1,REP_S_00461.csv
49,Person_0012,Main Street Coffee,12-Dec-25,15:06:28,13-Dec-25,01:04:29,2025-12-12 15:06:28,2025-12-13 01:04:29,09:58:01,35881,9.9669,1,REP_S_00461.csv
49,Person_0012,Main Street Coffee,13-Dec-25,15:49:08,14-Dec-25,02:08:02,2025-12-13 15:49:08,2025-12-14 02:08:02,10:18:54,37134,10.315,1,REP_S_00461.csv
49,Person_0012,Main Street Coffee,14-Dec-25,13:08:57,15-Dec-25,00:48:53,2025-12-14 13:08:57,2025-12-15 00:48:53,11:39:56,41996,11.6656,1,REP_S_00461.csv
49,Person_0012,Main Street Coffee,15-Dec-25,15:31:24,15-Dec-25,20:00:04,2025-12-15 15:31:24,2025-12-15 20:00:04,04:28:40,16120,4.4778,0,REP_S_00461.csv
49,Person_0012,Main Street Coffee,16-Dec-25,13:45:04,17-Dec-25,01:23:09,2025-12-16 13:45:04,2025-12-17 01:23:09,11:38:05,41885,11.6347,1,REP_S_00461.csv
49,Person_0012,Main Street Coffee,18-Dec-25,00:24:29,18-Dec-25,00:24:35,2025-12-18 00:24:29,2025-12-18 00:24:35,00:00:06,6,0.0017,0,REP_S_00461.csv
49,Person_0012,Main Street Coffee,18-Dec-25,15:49:32,18-Dec-25,15:49:37,2025-12-18 15:49:32,2025-12-18 15:49:37,00:00:05,5,0.0014,0,REP_S_00461.csv
49,Person_0012,Main Street Coffee,19-Dec-25,15:41:53,20-Dec-25,00:47:33,2025-12-19 15:41:53,2025-12-20 00:47:33,09:05:40,32740,9.0944,1,REP_S_00461.csv
49,Person_0012,Main Street Coffee,20-Dec-25,15:22:53,21-Dec-25,01:30:24,2025-12-20 15:22:53,2025-12-21 01:30:24,10:07:31,36451,10.1253,1,REP_S_00461.csv
49,Person_0012,Main Street Coffee,22-Dec-25,00:14:43,22-Dec-25,00:14:48,2025-12-22 00:14:43,2025-12-22 00:14:48,00:00:05,5,0.0014,0,REP_S_00461.csv
49,Person_0012,Main Street Coffee,22-Dec-25,15:25:52,23-Dec-25,00:22:19,2025-12-22 15:25:52,2025-12-23 00:22:19,08:56:27,32187,8.9408,1,REP_S_00461.csv
49,Person_0012,Main Street Coffee,23-Dec-25,15:57:19,24-Dec-25,00:22:58,2025-12-23 15:57:19,2025-12-24 00:22:58,08:25:39,30339,8.4275,1,REP_S_00461.csv
49,Person_0012,Main Street Coffee,26-Dec-25,00:25:50,26-Dec-25,00:26:00,2025-12-26 00:25:50,2025-12-26 00:26:00,00:00:10,10,0.0028,0,REP_S_00461.csv
49,Person_0012,Main Street Coffee,26-Dec-25,16:06:04,27-Dec-25,00:54:08,2025-12-26 16:06:04,2025-12-27 00:54:08,08:48:04,31684,8.8011,1,REP_S_00461.csv
49,Person_0012,Main Street Coffee,28-Dec-25,00:04:39,28-Dec-25,00:04:46,2025-12-28 00:04:39,2025-12-28 00:04:46,00:00:07,7,0.0019,0,REP_S_00461.csv
49,Person_0012,Main Street Coffee,29-Dec-25,00:41:12,29-Dec-25,00:41:20,2025-12-29 00:41:12,2025-12-29 00:41:20,00:00:08,8,0.0022,0,REP_S_00461.csv
49,Person_0012,Main Street Coffee,29-Dec-25,16:45:17,30-Dec-25,00:33:37,2025-12-29 16:45:17,2025-12-30 00:33:37,07:48:20,28100,7.8056,1,REP_S_00461.csv
50,Person_0013,Main Street Coffee,02-Dec-25,08:32:56,02-Dec-25,15:54:10,2025-12-02 08:32:56,2025-12-02 15:54:10,07:21:14,26474,7.3539,0,REP_S_00461.csv
50,Person_0013,Main Street Coffee,03-Dec-25,09:22:40,03-Dec-25,15:59:10,2025-12-03 09:22:40,2025-12-03 15:59:10,06:36:30,23790,6.6083,0,REP_S_00461.csv
50,Person_0013,Main Street Coffee,04-Dec-25,06:48:38,04-Dec-25,08:00:19,2025-12-04 06:48:38,2025-12-04 08:00:19,01:11:41,4301,1.1947,0,REP_S_00461.csv
50,Person_0013,Main Street Coffee,04-Dec-25,08:00:28,04-Dec-25,16:25:52,2025-12-04 08:00:28,2025-12-04 16:25:52,08:25:24,30324,8.4233,0,REP_S_00461.csv
50,Person_0013,Main Street Coffee,05-Dec-25,07:50:46,05-Dec-25,16:18:42,2025-12-05 07:50:46,2025-12-05 16:18:42,08:27:56,30476,8.4656,0,REP_S_00461.csv
50,Person_0013,Main Street Coffee,05-Dec-25,20:26:23,05-Dec-25,23:07:41,2025-12-05 20:26:23,2025-12-05 23:07:41,02:41:18,9678,2.6883,0,REP_S_00461.csv
50,Person_0013,Main Street Coffee,06-Dec-25,07:17:36,06-Dec-25,16:19:29,2025-12-06 07:17:36,2025-12-06 16:19:29,09:01:53,32513,9.0314,0,REP_S_00461.csv
50,Person_0013,Main Street Coffee,07-Dec-25,07:35:12,07-Dec-25,16:13:14,2025-12-07 07:35:12,2025-12-07 16:13:14,08:38:02,31082,8.6339,0,REP_S_00461.csv
50,Person_0013,Main Street Coffee,09-Dec-25,07:40:14,09-Dec-25,16:19:53,2025-12-09 07:40:14,2025-12-09 16:19:53,08:39:39,31179,8.6608,0,REP_S_00461.csv
50,Person_0013,Main Street Coffee,10-Dec-25,08:02:30,10-Dec-25,15:49:24,2025-12-10 08:02:30,2025-12-10 15:49:24,07:46:54,28014,7.7817,0,REP_S_00461.csv
50,Person_0013,Main Street Coffee,11-Dec-25,07:39:08,11-Dec-25,16:09:49,2025-12-11 07:39:08,2025-12-11 16:09:49,08:30:41,30641,8.5114,0,REP_S_00461.csv
50,Person_0013,Main Street Coffee,12-Dec-25,08:15:43,12-Dec-25,15:59:36,2025-12-12 08:15:43,2025-12-12 15:59:36,07:43:53,27833,7.7314,0,REP_S_00461.csv
50,Person_0013,Main Street Coffee,13-Dec-25,07:48:10,13-Dec-25,16:41:17,2025-12-13 07:48:10,2025-12-13 16:41:17,08:53:07,31987,8.8853,0,REP_S_00461.csv
50,Person_0013,Main Street Coffee,14-Dec-25,08:11:49,14-Dec-25,18:09:25,2025-12-14 08:11:49,2025-12-14 18:09:25,09:57:36,35856,9.96,0,REP_S_00461.csv
50,Person_0013,Main Street Coffee,15-Dec-25,08:49:54,15-Dec-25,11:02:30,2025-12-15 08:49:54,2025-12-15 11:02:30,02:12:36,7956,2.21,0,REP_S_00461.csv
50,Person_0013,Main Street Coffee,16-Dec-25,07:41:16,16-Dec-25,18:09:27,2025-12-16 07:41:16,2025-12-16 18:09:27,10:28:11,37691,10.4697,0,REP_S_00461.csv
50,Person_0013,Main Street Coffee,17-Dec-25,08:50:22,17-Dec-25,08:50:53,2025-12-17 08:50:22,2025-12-17 08:50:53,00:00:31,31,0.0086,0,REP_S_00461.csv
50,Person_0013,Main Street Coffee,17-Dec-25,08:51:01,17-Dec-25,15:58:33,2025-12-17 08:51:01,2025-12-17 15:58:33,07:07:32,25652,7.1256,0,REP_S_00461.csv
50,Person_0013,Main Street Coffee,18-Dec-25,07:45:48,18-Dec-25,16:26:30,2025-12-18 07:45:48,2025-12-18 16:26:30,08:40:42,31242,8.6783,0,REP_S_00461.csv
50,Person_0013,Main Street Coffee,19-Dec-25,07:26:33,19-Dec-25,16:48:56,2025-12-19 07:26:33,2025-12-19 16:48:56,09:22:23,33743,9.3731,0,REP_S_00461.csv
50,Person_0013,Main Street Coffee,20-Dec-25,07:47:08,21-Dec-25,07:45:20,2025-12-20 07:47:08,2025-12-21 07:45:20,23:58:12,86292,23.97,1,REP_S_00461.csv
50,Person_0013,Main Street Coffee,21-Dec-25,07:45:30,21-Dec-25,16:49:54,2025-12-21 07:45:30,2025-12-21 16:49:54,09:04:24,32664,9.0733,0,REP_S_00461.csv
50,Person_0013,Main Street Coffee,23-Dec-25,08:03:31,23-Dec-25,17:17:28,2025-12-23 08:03:31,2025-12-23 17:17:28,09:13:57,33237,9.2325,0,REP_S_00461.csv
50,Person_0013,Main Street Coffee,24-Dec-25,08:14:09,25-Dec-25,08:47:50,2025-12-24 08:14:09,2025-12-25 08:47:50,00:33:41,2021,0.5614,1,REP_S_00461.csv
50,Person_0013,Main Street Coffee,25-Dec-25,19:14:39,25-Dec-25,19:14:56,2025-12-25 19:14:39,2025-12-25 19:14:56,00:00:17,17,0.0047,0,REP_S_00461.csv
50,Person_0013,Main Street Coffee,26-Dec-25,08:04:41,26-Dec-25,18:27:40,2025-12-26 08:04:41,2025-12-26 18:27:40,10:22:59,37379,10.3831,0,REP_S_00461.csv
50,Person_0013,Main Street Coffee,27-Dec-25,08:27:24,28-Dec-25,00:04:32,2025-12-27 08:27:24,2025-12-28 00:04:32,15:37:08,56228,15.6189,1,REP_S_00461.csv
50,Person_0013,Main Street Coffee,28-Dec-25,07:55:14,28-Dec-25,16:43:19,2025-12-28 07:55:14,2025-12-28 16:43:19,08:48:05,31685,8.8014,0,REP_S_00461.csv
51,Person_0014,Main Street Coffee,01-Dec-25,15:09:04,01-Dec-25,22:51:09,2025-12-01 15:09:04,2025-12-01 22:51:09,07:42:05,27725,7.7014,0,REP_S_00461.csv
51,Person_0014,Main Street Coffee,02-Dec-25,14:53:50,02-Dec-25,22:04:36,2025-12-02 14:53:50,2025-12-02 22:04:36,07:10:46,25846,7.1794,0,REP_S_00461.csv
51,Person_0014,Main Street Coffee,05-Dec-25,18:22:53,06-Dec-25,01:03:33,2025-12-05 18:22:53,2025-12-06 01:03:33,06:40:40,24040,6.6778,1,REP_S_00461.csv
51,Person_0014,Main Street Coffee,06-Dec-25,16:02:20,07-Dec-25,00:27:09,2025-12-06 16:02:20,2025-12-07 00:27:09,08:24:49,30289,8.4136,1,REP_S_00461.csv
51,Person_0014,Main Street Coffee,07-Dec-25,14:45:48,08-Dec-25,00:08:48,2025-12-07 14:45:48,2025-12-08 00:08:48,09:23:00,33780,9.3833,1,REP_S_00461.csv
51,Person_0014,Main Street Coffee,09-Dec-25,18:01:41,10-Dec-25,00:13:02,2025-12-09 18:01:41,2025-12-10 00:13:02,06:11:21,22281,6.1892,1,REP_S_00461.csv
51,Person_0014,Main Street Coffee,11-Dec-25,14:45:56,12-Dec-25,00:11:39,2025-12-11 14:45:56,2025-12-12 00:11:39,09:25:43,33943,9.4286,1,REP_S_00461.csv
51,Person_0014,Main Street Coffee,12-Dec-25,17:56:44,13-Dec-25,01:04:23,2025-12-12 17:56:44,2025-12-13 01:04:23,07:07:39,25659,7.1275,1,REP_S_00461.csv
51,Person_0014,Main Street Coffee,13-Dec-25,15:41:41,14-Dec-25,01:27:42,2025-12-13 15:41:41,2025-12-14 01:27:42,09:46:01,35161,9.7669,1,REP_S_00461.csv
51,Person_0014,Main Street Coffee,14-Dec-25,12:44:36,15-Dec-25,00:09:52,2025-12-14 12:44:36,2025-12-15 00:09:52,11:25:16,41116,11.4211,1,REP_S_00461.csv
51,Person_0014,Main Street Coffee,15-Dec-25,17:32:36,16-Dec-25,00:26:49,2025-12-15 17:32:36,2025-12-16 00:26:49,06:54:13,24853,6.9036,1,REP_S_00461.csv
51,Person_0014,Main Street Coffee,16-Dec-25,18:16:34,17-Dec-25,01:22:58,2025-12-16 18:16:34,2025-12-17 01:22:58,07:06:24,25584,7.1067,1,REP_S_00461.csv
51,Person_0014,Main Street Coffee,18-Dec-25,15:48:54,18-Dec-25,15:49:47,2025-12-18 15:48:54,2025-12-18 15:49:47,00:00:53,53,0.0147,0,REP_S_00461.csv
51,Person_0014,Main Street Coffee,19-Dec-25,14:56:52,20-Dec-25,00:48:41,2025-12-19 14:56:52,2025-12-20 00:48:41,09:51:49,35509,9.8636,1,REP_S_00461.csv
51,Person_0014,Main Street Coffee,20-Dec-25,13:28:48,21-Dec-25,00:41:06,2025-12-20 13:28:48,2025-12-21 00:41:06,11:12:18,40338,11.205,1,REP_S_00461.csv
51,Person_0014,Main Street Coffee,21-Dec-25,11:41:37,22-Dec-25,00:14:30,2025-12-21 11:41:37,2025-12-22 00:14:30,12:32:53,45173,12.5481,1,REP_S_00461.csv
51,Person_0014,Main Street Coffee,22-Dec-25,19:15:55,23-Dec-25,00:22:30,2025-12-22 19:15:55,2025-12-23 00:22:30,05:06:35,18395,5.1097,1,REP_S_00461.csv
51,Person_0014,Main Street Coffee,24-Dec-25,11:27:41,24-Dec-25,21:28:59,2025-12-24 11:27:41,2025-12-24 21:28:59,10:01:18,36078,10.0217,0,REP_S_00461.csv
51,Person_0014,Main Street Coffee,25-Dec-25,21:01:28,25-Dec-25,23:55:14,2025-12-25 21:01:28,2025-12-25 23:55:14,02:53:46,10426,2.8961,0,REP_S_00461.csv
51,Person_0014,Main Street Coffee,26-Dec-25,13:29:48,27-Dec-25,00:54:04,2025-12-26 13:29:48,2025-12-27 00:54:04,11:24:16,41056,11.4044,1,REP_S_00461.csv
51,Person_0014,Main Street Coffee,27-Dec-25,15:43:19,28-Dec-25,00:04:15,2025-12-27 15:43:19,2025-12-28 00:04:15,08:20:56,30056,8.3489,1,REP_S_00461.csv
51,Person_0014,Main Street Coffee,28-Dec-25,12:29:22,29-Dec-25,00:35:16,2025-12-28 12:29:22,2025-12-29 00:35:16,12:05:54,43554,12.0983,1,REP_S_00461.csv
51,Person_0014,Main Street Coffee,29-Dec-25,15:00:06,30-Dec-25,00:30:54,2025-12-29 15:00:06,2025-12-30 00:30:54,09:30:48,34248,9.5133,1,REP_S_00461.csv
52,Person_0015,Main Street Coffee,01-Dec-25,00:40:50,01-Dec-25,00:40:59,2025-12-01 00:40:50,2025-12-01 00:40:59,00:00:09,9,0.0025,0,REP_S_00461.csv
52,Person_0015,Main Street Coffee,01-Dec-25,14:49:43,02-Dec-25,00:29:58,2025-12-01 14:49:43,2025-12-02 00:29:58,09:40:15,34815,9.6708,1,REP_S_00461.csv
52,Person_0015,Main Street Coffee,02-Dec-25,15:14:44,02-Dec-25,23:51:46,2025-12-02 15:14:44,2025-12-02 23:51:46,08:37:02,31022,8.6172,0,REP_S_00461.csv
52,Person_0015,Main Street Coffee,03-Dec-25,15:17:55,04-Dec-25,00:17:37,2025-12-03 15:17:55,2025-12-04 00:17:37,08:59:42,32382,8.995,1,REP_S_00461.csv
52,Person_0015,Main Street Coffee,04-Dec-25,14:12:59,05-Dec-25,00:00:35,2025-12-04 14:12:59,2025-12-05 00:00:35,09:47:36,35256,9.7933,1,REP_S_00461.csv
52,Person_0015,Main Street Coffee,05-Dec-25,16:12:45,06-Dec-25,01:38:58,2025-12-05 16:12:45,2025-12-06 01:38:58,09:26:13,33973,9.4369,1,REP_S_00461.csv
52,Person_0015,Main Street Coffee,06-Dec-25,15:10:46,07-Dec-25,00:56:48,2025-12-06 15:10:46,2025-12-07 00:56:48,09:46:02,35162,9.7672,1,REP_S_00461.csv
52,Person_0015,Main Street Coffee,07-Dec-25,15:41:35,08-Dec-25,00:53:59,2025-12-07 15:41:35,2025-12-08 00:53:59,09:12:24,33144,9.2067,1,REP_S_00461.csv
52,Person_0015,Main Street Coffee,08-Dec-25,15:10:16,09-Dec-25,00:57:13,2025-12-08 15:10:16,2025-12-09 00:57:13,09:46:57,35217,9.7825,1,REP_S_00461.csv
52,Person_0015,Main Street Coffee,11-Dec-25,00:28:56,11-Dec-25,00:29:04,2025-12-11 00:28:56,2025-12-11 00:29:04,00:00:08,8,0.0022,0,REP_S_00461.csv
52,Person_0015,Main Street Coffee,12-Dec-25,15:06:36,13-Dec-25,01:04:36,2025-12-12 15:06:36,2025-12-13 01:04:36,09:58:00,35880,9.9667,1,REP_S_00461.csv
52,Person_0015,Main Street Coffee,13-Dec-25,15:49:16,14-Dec-25,02:07:52,2025-12-13 15:49:16,2025-12-14 02:07:52,10:18:36,37116,10.31,1,REP_S_00461.csv
52,Person_0015,Main Street Coffee,14-Dec-25,15:45:05,15-Dec-25,00:48:45,2025-12-14 15:45:05,2025-12-15 00:48:45,09:03:40,32620,9.0611,1,REP_S_00461.csv
52,Person_0015,Main Street Coffee,15-Dec-25,11:26:21,15-Dec-25,19:59:57,2025-12-15 11:26:21,2025-12-15 19:59:57,08:33:36,30816,8.56,0,REP_S_00461.csv
52,Person_0015,Main Street Coffee,17-Dec-25,15:11:32,18-Dec-25,00:24:22,2025-12-17 15:11:32,2025-12-18 00:24:22,09:12:50,33170,9.2139,1,REP_S_00461.csv
52,Person_0015,Main Street Coffee,18-Dec-25,15:49:04,18-Dec-25,15:49:20,2025-12-18 15:49:04,2025-12-18 15:49:20,00:00:16,16,0.0044,0,REP_S_00461.csv
52,Person_0015,Main Street Coffee,18-Dec-25,15:49:25,19-Dec-25,03:14:17,2025-12-18 15:49:25,2025-12-19 03:14:17,11:24:52,41092,11.4144,1,REP_S_00461.csv
52,Person_0015,Main Street Coffee,19-Dec-25,15:41:41,20-Dec-25,00:47:39,2025-12-19 15:41:41,2025-12-20 00:47:39,09:05:58,32758,9.0994,1,REP_S_00461.csv
52,Person_0015,Main Street Coffee,20-Dec-25,15:23:01,21-Dec-25,01:30:15,2025-12-20 15:23:01,2025-12-21 01:30:15,10:07:14,36434,10.1206,1,REP_S_00461.csv
52,Person_0015,Main Street Coffee,22-Dec-25,00:14:34,22-Dec-25,00:14:39,2025-12-22 00:14:34,2025-12-22 00:14:39,00:00:05,5,0.0014,0,REP_S_00461.csv
52,Person_0015,Main Street Coffee,22-Dec-25,07:57:54,23-Dec-25,15:57:31,2025-12-22 07:57:54,2025-12-23 15:57:31,07:59:37,28777,7.9936,1,REP_S_00461.csv
52,Person_0015,Main Street Coffee,23-Dec-25,15:57:45,24-Dec-25,00:22:53,2025-12-23 15:57:45,2025-12-24 00:22:53,08:25:08,30308,8.4189,1,REP_S_00461.csv
52,Person_0015,Main Street Coffee,26-Dec-25,00:25:26,26-Dec-25,00:25:34,2025-12-26 00:25:26,2025-12-26 00:25:34,00:00:08,8,0.0022,0,REP_S_00461.csv
52,Person_0015,Main Street Coffee,26-Dec-25,14:44:24,27-Dec-25,00:54:12,2025-12-26 14:44:24,2025-12-27 00:54:12,10:09:48,36588,10.1633,1,REP_S_00461.csv
52,Person_0015,Main Street Coffee,28-Dec-25,00:04:55,28-Dec-25,00:05:00,2025-12-28 00:04:55,2025-12-28 00:05:00,00:00:05,5,0.0014,0,REP_S_00461.csv
52,Person_0015,Main Street Coffee,29-Dec-25,00:40:42,29-Dec-25,00:40:47,2025-12-29 00:40:42,2025-12-29 00:40:47,00:00:05,5,0.0014,0,REP_S_00461.csv
52,Person_0015,Main Street Coffee,29-Dec-25,16:45:09,30-Dec-25,00:33:30,2025-12-29 16:45:09,2025-12-30 00:33:30,07:48:21,28101,7.8058,1,REP_S_00461.csv
54,Person_0016,Conut Jnah,19-Dec-25,09:01:02,19-Dec-25,09:01:27,2025-12-19 09:01:02,2025-12-19 09:01:27,00:00:25,25,0.0069,0,REP_S_00461.csv
54,Person_0016,Conut Jnah,23-Dec-25,11:09:20,23-Dec-25,11:10:23,2025-12-23 11:09:20,2025-12-23 11:10:23,00:01:03,63,0.0175,0,REP_S_00461.csv
54,Person_0016,Conut Jnah,23-Dec-25,11:10:28,23-Dec-25,18:32:05,2025-12-23 11:10:28,2025-12-23 18:32:05,07:21:37,26497,7.3603,0,REP_S_00461.csv
54,Person_0016,Conut Jnah,24-Dec-25,08:57:18,24-Dec-25,18:00:09,2025-12-24 08:57:18,2025-12-24 18:00:09,09:02:51,32571,9.0475,0,REP_S_00461.csv
54,Person_0016,Conut Jnah,26-Dec-25,09:07:09,27-Dec-25,13:16:38,2025-12-26 09:07:09,2025-12-27 13:16:38,04:09:29,14969,4.1581,1,REP_S_00461.csv
54,Person_0016,Conut Jnah,27-Dec-25,13:16:44,27-Dec-25,22:04:50,2025-12-27 13:16:44,2025-12-27 22:04:50,08:48:06,31686,8.8017,0,REP_S_00461.csv
54,Person_0016,Conut Jnah,28-Dec-25,12:57:10,28-Dec-25,22:05:27,2025-12-28 12:57:10,2025-12-28 22:05:27,09:08:17,32897,9.1381,0,REP_S_00461.csv
54,Person_0016,Conut Jnah,29-Dec-25,09:02:44,29-Dec-25,18:01:11,2025-12-29 09:02:44,2025-12-29 18:01:11,08:58:27,32307,8.9742,0,REP_S_00461.csv
